INSERT INTO
    Admin (adminid, username, password)
VALUES
    (
        'ADMIN1',
        'nick-admin',
        '$2a$10$SbdYm4X8/9.Lqv9BY.UOy.ZzPZkP8vhSVMpbCqTKL1.mKkvmPDnNq'
    );

INSERT INTO
    Professor (professorID, first_name, last_name)
VALUES
    ('PROF3', 'Faranak', 'Abri'),
    ('PROF4', 'Sayma', 'Akther'),
    ('PROF5', 'William B.', 'Andreopoulos'),
    ('PROF6', 'Nada', 'Attar'),
    ('PROF7', 'Thomas', 'Austin'),
    ('PROF8', 'Robert', 'Chun'),
    ('PROF9', 'Fabio', 'Di Troia'),
    ('PROF10', 'Philip', 'Heller'),
    ('PROF11', 'Genya', 'Ishigaki'),
    ('PROF12', 'Suneuy', 'Kim'),
    ('PROF13', 'Wendy', 'Lee'),
    ('PROF14', 'Melody', 'Moh'),
    ('PROF15', 'Teng', 'Moh'),
    ('PROF16', 'Jon', 'Pearce'),
    ('PROF17', 'Chris', 'Pollett'),
    ('PROF18', 'Katerina', 'Potika'),
    ('PROF19', 'Navrati', 'Saxena'),
    ('PROF20', 'Saptarshi', 'Sengupta'),
    ('PROF21', 'Mark', 'Stamp'),
    ('PROF22', 'David', 'Taylor'),
    ('PROF23', 'Leonard', 'Wesley'),
    ('PROF24', 'Mike', 'Wood'),
    ('PROF25', 'Mike', 'Wu'),
    ('PROF26', 'Rod', 'Fatoohi'),
    ('PROF27', 'Magdalini', 'Eirinaki'),
    ('PROF28', 'Mohamed Fayad', 'Fayad'),
    ('PROF29', 'Jerry', 'Gao'),
    ('PROF30', 'Harry', 'Li'),
    ('PROF31', 'Haluk', 'Ozemek'),
    ('PROF32', 'Weider', 'Yu'),
    ('PROF33', 'Kaikai', 'Liu'),
    ('PROF34', 'Younghee', 'Park'),
    ('PROF35', 'Wencen', 'Wu'),
    ('PROF36', 'Bernardo', 'Flores'),
    ('PROF37', 'Gheorghi', 'Guzun'),
    ('PROF38', 'Jorjeta', 'Jetcheva'),
    ('PROF39', 'Jun', 'Liu'),
    ('PROF40', 'Ben', 'Reed'),
    ('PROF41', 'Carlos', 'Rojas'),
    ('PROF42', 'Gokay', 'Saldamli'),
    ('PROF43', 'Mahima Agumbe', 'Suresh'),
    ('PROF44', 'Stas', 'Tiomkin'),
    ('PROF45', 'Haonan', 'Wang'),
    ('PROF46', 'Jorge', 'Martinez'),
    ('PROF47', 'William', 'Giallo'),
    ('PROF48', 'Zhenyu James', 'Wu');

INSERT INTO
    Tag (tagID, Label)
VALUES
    ('TAG1', 'DFS'),
    ('TAG2', 'Radix Sort'),
    ('TAG3', 'Java'),
    ('TAG4', 'Python'),
    ('TAG5', 'C++'),
    ('TAG6', 'Algorithms'),
    ('TAG7', 'Data Structures'),
    ('TAG8', 'Object-Oriented Programming'),
    ('TAG9', 'Functional Programming'),
    ('TAG10', 'Database Design'),
    ('TAG11', 'SQL'),
    ('TAG12', 'NoSQL'),
    ('TAG13', 'Computer Networks'),
    ('TAG14', 'Web Development'),
    ('TAG15', 'Mobile Development'),
    ('TAG16', 'Artificial Intelligence'),
    ('TAG17', 'Machine Learning'),
    ('TAG18', 'Data Mining'),
    ('TAG19', 'Big Data'),
    ('TAG20', 'Cloud Computing'),
    ('TAG21', 'Cryptography in Practice'),
    ('TAG22', 'Concurrency'),
    ('TAG23', 'Parallel Processing'),
    ('TAG24', 'Software Engineering'),
    ('TAG25', 'Version Control'),
    ('TAG26', 'Agile Development'),
    ('TAG27', 'Software Testing'),
    ('TAG28', 'User Interface Design'),
    ('TAG29', 'User Experience Design'),
    ('TAG30', 'Cybersecurity'),
    ('TAG31', 'Cryptography'),
    ('TAG32', 'Blockchain'),
    ('TAG33', 'Game Development'),
    ('TAG34', 'Virtual Reality'),
    ('TAG35', 'Augmented Reality'),
    ('TAG36', 'Human-Computer Interaction'),
    ('TAG37', 'Bioinformatics'),
    ('TAG38', 'Data Visualization'),
    ('TAG39', 'Compiler Design'),
    ('TAG40', 'Embedded Systems'),
    ('TAG41', 'Internet of Things'),
    ('TAG42', 'Robotics'),
    ('TAG43', 'Natural Language Processing'),
    ('TAG44', 'Computer Vision'),
    ('TAG45', 'Deep Learning'),
    ('TAG46', 'Neural Networks'),
    ('TAG47', 'Reinforcement Learning'),
    ('TAG48', 'Evolutionary Algorithms'),
    ('TAG49', 'Fuzzy Logic'),
    ('TAG50', 'Expert Systems'),
    ('TAG51', 'Computer Graphics'),
    ('TAG52', 'OpenGL'),
    ('TAG53', 'DirectX'),
    ('TAG54', 'WebGL'),
    ('TAG55', 'Information Retrieval'),
    ('TAG56', 'Databases'),
    ('TAG57', 'Relational Databases'),
    ('TAG58', 'Graph Databases'),
    ('TAG59', 'Distributed Systems'),
    ('TAG60', 'Microservices'),
    ('TAG61', 'Serverless Computing'),
    ('TAG62', 'Internet Technologies'),
    ('TAG63', 'Web Security'),
    ('TAG64', 'Network Security'),
    ('TAG65', 'Ethical Hacking'),
    ('TAG66', 'Digital Forensics'),
    ('TAG67', 'Mobile Security'),
    ('TAG68', 'Privacy'),
    ('TAG69', 'Data Privacy'),
    ('TAG70', 'Information Security'),
    ('TAG71', 'Software Architecture'),
    ('TAG72', 'Design Patterns'),
    ('TAG73', 'Refactoring'),
    ('TAG74', 'Code Quality'),
    ('TAG75', 'Performance Tuning'),
    ('TAG76', 'Code Review'),
    ('TAG77', 'Continuous Integration'),
    ('TAG78', 'Continuous Deployment'),
    ('TAG79', 'DevOps'),
    ('TAG80', 'Containerization'),
    ('TAG81', 'Kubernetes'),
    ('TAG82', 'Amazon Web Services'),
    ('TAG83', 'Microsoft Azure'),
    ('TAG84', 'Google Cloud Platform'),
    ('TAG85', 'Firebase'),
    ('TAG86', 'RESTful APIs'),
    ('TAG87', 'GraphQL'),
    ('TAG88', 'SOAP'),
    ('TAG89', 'Web Services'),
    ('TAG90', 'API Design'),
    ('TAG91', 'Microcontrollers'),
    ('TAG92', 'Arduino'),
    ('TAG93', 'Raspberry Pi'),
    ('TAG94', 'Firmware Development'),
    ('TAG95', 'RTOS'),
    ('TAG96', 'Signal Processing'),
    ('TAG97', 'Digital Signal Processing'),
    ('TAG98', 'Analog Signal Processing'),
    ('TAG99', 'Control Systems'),
    ('TAG100', 'Embedded Software'),
    ('TAG101', 'Internet Protocols'),
    ('TAG102', 'TCP/IP'),
    ('TAG103', 'HTTP'),
    ('TAG104', 'HTTPS'),
    ('TAG105', 'FTP'),
    ('TAG106', 'SMTP'),
    ('TAG107', 'POP3'),
    ('TAG108', 'IMAP'),
    ('TAG109', 'DNS'),
    ('TAG110', 'DHCP'),
    ('TAG111', 'IPv4'),
    ('TAG112', 'IPv6'),
    ('TAG113', 'Network Architecture'),
    ('TAG114', 'Network Topologies'),
    ('TAG115', 'LAN'),
    ('TAG116', 'WAN'),
    ('TAG117', 'MAN'),
    ('TAG118', 'VPN'),
    ('TAG119', 'Firewalls'),
    ('TAG120', 'Intrusion Detection Systems'),
    ('TAG121', 'Load Balancing'),
    ('TAG122', 'Packet Switching'),
    ('TAG123', 'Circuit Switching'),
    ('TAG124', 'Network Security Protocols'),
    ('TAG125', 'ARP'),
    ('TAG126', 'RARP'),
    ('TAG127', 'ICMP'),
    ('TAG128', 'IGMP'),
    ('TAG129', 'SNMP'),
    ('TAG130', 'OSI Model'),
    ('TAG131', 'Application Layer'),
    ('TAG132', 'Presentation Layer'),
    ('TAG133', 'Session Layer'),
    ('TAG134', 'Transport Layer'),
    ('TAG135', 'Network Layer'),
    ('TAG136', 'Data Link Layer'),
    ('TAG137', 'Physical Layer'),
    ('TAG138', 'Network Programming'),
    ('TAG139', 'Socket Programming'),
    ('TAG140', 'Network Simulation'),
    ('TAG141', 'Network Performance Analysis'),
    ('TAG142', 'Network Troubleshooting'),
    ('TAG143', 'Network Monitoring'),
    ('TAG144', 'Network Management'),
    ('TAG145', 'Network Virtualization'),
    ('TAG146', 'SDN'),
    ('TAG147', 'NFV'),
    ('TAG148', 'Network Automation'),
    ('TAG149', 'Software-Defined Networking'),
    ('TAG150', 'Network Functions Virtualization'),
    ('TAG151', 'Cloud Networking'),
    ('TAG152', 'SD-WAN'),
    ('TAG153', 'Wireless Networks'),
    ('TAG154', 'Wi-Fi'),
    ('TAG155', 'Bluetooth'),
    ('TAG156', 'NFC'),
    ('TAG157', 'RFID'),
    ('TAG158', 'Mobile Networks'),
    ('TAG159', '3G'),
    ('TAG160', '4G'),
    ('TAG161', '5G'),
    ('TAG162', 'IoT Networking'),
    ('TAG164', 'Network Security Management'),
    ('TAG165', 'Cyber Threat Intelligence'),
    ('TAG166', 'Network Forensics'),
    ('TAG167', 'Digital Forensic Analysis'),
    ('TAG168', 'Network Traffic Analysis'),
    ('TAG169', 'Network Incident Response'),
    ('TAG170', 'Wireless Security'),
    ('TAG171', 'Mobile Device Security'),
    ('TAG172', 'Endpoint Security'),
    ('TAG173', 'Cloud Security'),
    ('TAG174', 'Virtualization Security'),
    ('TAG175', 'Network Access Control'),
    ('TAG176', 'Identity and Access Management'),
    (
        'TAG177',
        'Security Information and Event Management'
    ),
    ('TAG178', 'Penetration Testing'),
    ('TAG179', 'Vulnerability Assessment'),
    ('TAG180', 'Security Auditing'),
    ('TAG181', 'Security Governance I'),
    ('TAG182', 'Risk Management'),
    ('TAG183', 'Compliance'),
    ('TAG184', 'Incident Management'),
    ('TAG185', 'Business Continuity Planning'),
    ('TAG186', 'Disaster Recovery'),
    ('TAG187', 'Security Policies'),
    ('TAG188', 'Security Standards'),
    ('TAG189', 'Security Awareness Training'),
    ('TAG190', 'Social Engineering'),
    ('TAG191', 'Phishing'),
    ('TAG192', 'Malware Analysis'),
    ('TAG193', 'Forensic Accounting'),
    ('TAG194', 'Legal and Regulatory Compliance'),
    ('TAG195', 'Fraud Examination'),
    ('TAG196', 'Data Breach Investigation'),
    ('TAG197', 'Incident Response Planning'),
    ('TAG198', 'Security Architecture Validation'),
    ('TAG199', 'Security Operations Center'),
    ('TAG200', 'Threat Intelligence'),
    ('TAG201', 'Computer Ethics'),
    ('TAG202', 'Privacy Laws and Regulations'),
    ('TAG203', 'Data Protection'),
    ('TAG204', 'Identity Theft'),
    ('TAG205', 'Information Governance'),
    ('TAG206', 'Cybersecurity Frameworks'),
    ('TAG207', 'Security Risk Assessment'),
    ('TAG208', 'Cloud Security Standards'),
    ('TAG209', 'Cybersecurity Best Practices'),
    ('TAG210', 'Digital Rights Management'),
    ('TAG211', 'Data Loss Prevention'),
    ('TAG212', 'Biometric Security'),
    ('TAG213', 'Security Awareness Principles'),
    ('TAG214', 'Internet Safety'),
    ('TAG215', 'UnEthical Hacking'),
    ('TAG216', 'Cybersecurity Compliance'),
    ('TAG217', 'Data Encryption'),
    ('TAG218', 'Network Segmentation'),
    ('TAG219', 'Security Incident Response'),
    ('TAG220', 'Mobile Device Management'),
    (
        'TAG221',
        'Secure Software Development Lifecycle'
    ),
    ('TAG222', 'Secure Coding Practices'),
    ('TAG223', 'Security Training and Education'),
    ('TAG224', 'Cybersecurity Governance'),
    (
        'TAG225',
        'Information Security Management System'
    ),
    ('TAG226', 'Risk Assessment and Management'),
    ('TAG227', 'Access Control'),
    ('TAG228', 'Intrusion Detection and Prevention'),
    ('TAG229', 'Security Architecture Principles'),
    ('TAG230', 'Security Operations'),
    ('TAG231', 'Identity Management'),
    ('TAG232', 'Data Security'),
    ('TAG233', 'Cybersecurity Policy'),
    ('TAG234', 'Business Continuity'),
    ('TAG235', 'Disaster Recovery Planning'),
    ('TAG236', 'Security Monitoring'),
    ('TAG237', 'Incident Response'),
    ('TAG238', 'Security Assessment'),
    ('TAG239', 'Threat Analysis'),
    ('TAG240', 'Vulnerability Management'),
    ('TAG241', 'Security Automation'),
    ('TAG242', 'Forensics'),
    ('TAG243', 'Security Information Management'),
    ('TAG244', 'Security Incident Management'),
    ('TAG245', 'Security Strategy'),
    ('TAG246', 'Security Testing'),
    ('TAG247', 'Web Security and Privacy'),
    ('TAG248', 'Network Security Principles'),
    ('TAG249', 'Application Security'),
    ('TAG250', 'Cloud Security Principles'),
    ('TAG251', 'IoT Security'),
    ('TAG252', 'Data Security Principles'),
    ('TAG253', 'Mobile Security Principles'),
    ('TAG254', 'Wireless Security Principles'),
    ('TAG255', 'Endpoint Security Principles'),
    ('TAG256', 'Physical Security'),
    (
        'TAG257',
        'Security Operations Center Principles'
    ),
    ('TAG258', 'Security Awareness Design'),
    ('TAG259', 'Security Architecture Testing'),
    ('TAG260', 'Security Governance II'),
    ('TAG261', 'Security Compliance'),
    ('TAG262', 'Security Risk Management'),
    ('TAG263', 'Security Incident Response II'),
    ('TAG264', 'Security Training'),
    ('TAG265', 'Cybersecurity Frameworks II'),
    ('TAG266', 'Security Audits'),
    ('TAG267', 'Security Standards II'),
    ('TAG268', 'Security Policies II'),
    ('TAG269', 'Security Procedures'),
    ('TAG270', 'Security Controls'),
    ('TAG271', 'Threat Intelligence II'),
    ('TAG272', 'Malware Analysis II'),
    ('TAG273', 'Vulnerability Assessment II'),
    ('TAG274', 'Penetration Testing II'),
    ('TAG275', 'Security Monitoring II'),
    ('TAG276', 'Data Breach Response'),
    ('TAG277', 'Security Architecture Design'),
    ('TAG278', 'Security Operations Management'),
    ('TAG279', 'Security Incident Management II'),
    (
        'TAG280',
        'Security Information and Event Management II'
    ),
    ('TAG281', 'Security Risk Assessment II'),
    ('TAG282', 'Identity and Access Management II'),
    ('TAG283', 'Security Awareness and Training'),
    ('TAG284', 'Security Compliance Management'),
    ('TAG285', 'Cybersecurity Governance II'),
    ('TAG286', 'Cybersecurity Risk Management'),
    ('TAG287', 'Cybersecurity Incident Response'),
    ('TAG288', 'Security Policy Development'),
    ('TAG289', 'Security Infrastructure'),
    ('TAG290', 'Security Operations Center (SOC)'),
    (
        'TAG291',
        'Security Incident Response Plan (SIRP)'
    ),
    (
        'TAG292',
        'Security Information and Event Management (SIEM)'
    ),
    ('TAG293', 'Security as a Service (SECaaS)'),
    ('TAG294', 'Managed Security Services (MSS)'),
    (
        'TAG295',
        'Security Orchestration, Automation, and Response (SOAR)'
    ),
    ('TAG296', 'Threat Hunting'),
    ('TAG297', 'Security Analytics'),
    ('TAG298', 'Digital Identity'),
    ('TAG299', 'Zero Trust Security'),
    ('TAG300', 'Cloud Access Security Broker (CASB)'),
    ('TAG301', 'Biometric Authentication'),
    ('TAG302', 'Multi-Factor Authentication'),
    ('TAG303', 'Single Sign-On (SSO)'),
    ('TAG304', 'Access Management'),
    ('TAG305', 'Identity Verification'),
    ('TAG306', 'Behavioral Biometrics'),
    ('TAG307', 'Facial Recognition'),
    ('TAG308', 'Fingerprint Recognition'),
    ('TAG309', 'Iris Recognition'),
    ('TAG310', 'Voice Recognition'),
    ('TAG311', 'Palm Vein Recognition'),
    ('TAG312', 'Retina Recognition'),
    ('TAG313', 'Keystroke Dynamics'),
    ('TAG314', 'Digital Identity II'),
    ('TAG315', 'Identity Theft Protection'),
    ('TAG316', 'Identity Verification Service'),
    ('TAG317', 'Identity and Access Management (IAM)'),
    ('TAG318', 'Identity Governance'),
    ('TAG319', 'Identity Federation'),
    ('TAG320', 'Identity Lifecycle Management'),
    ('TAG321', 'Access Control System'),
    ('TAG322', 'Access Control List (ACL)'),
    ('TAG323', 'Role-Based Access Control (RBAC)'),
    (
        'TAG324',
        'Attribute-Based Access Control (ABAC)'
    ),
    ('TAG325', 'Dynamic Authorization'),
    ('TAG326', 'Authorization Policy'),
    ('TAG327', 'Authentication Protocol'),
    ('TAG328', 'Security Token'),
    ('TAG329', 'Tokenization'),
    ('TAG330', 'Biometric Data'),
    ('TAG331', 'Biometric Template'),
    ('TAG332', 'Biometric System'),
    ('TAG333', 'Biometric Scanner'),
    ('TAG334', 'Biometric Device'),
    ('TAG335', 'Biometric Algorithm'),
    ('TAG336', 'Biometric Database'),
    ('TAG337', 'Biometric Matching'),
    ('TAG338', 'Biometric Security II'),
    ('TAG339', 'Biometric Privacy'),
    ('TAG340', 'Biometric Encryption'),
    ('TAG341', 'Biometric Standards'),
    ('TAG342', 'Biometric Technology'),
    ('TAG343', 'Biometric Solution'),
    ('TAG344', 'Biometric Software'),
    ('TAG345', 'Biometric Hardware'),
    ('TAG346', 'Biometric Authentication Method'),
    ('TAG347', 'Biometric Access Control'),
    ('TAG348', 'Biometric Identification'),
    ('TAG349', 'Biometric Verification'),
    ('TAG350', 'Biometric Authentication System'),
    ('TAG351', 'Biometric Application'),
    ('TAG352', 'Biometric Management'),
    ('TAG353', 'Biometric Capture'),
    ('TAG354', 'Biometric Enrollment'),
    ('TAG355', 'Biometric Credential'),
    ('TAG356', 'Biometric Time Clock'),
    ('TAG357', 'Biometric Attendance System'),
    ('TAG358', 'Biometric Voting System'),
    ('TAG359', 'Biometric Payment System'),
    ('TAG360', 'Biometric Border Control'),
    ('TAG361', 'Biometric Passport'),
    ('TAG362', 'Biometric Smart Card'),
    ('TAG363', 'Biometric ATM'),
    ('TAG364', 'Biometric Lock'),
    ('TAG365', 'Biometric Surveillance'),
    ('TAG366', 'Biometric Tracking'),
    ('TAG367', 'Biometric Monitoring'),
    ('TAG368', 'Biometric Authentication Software'),
    ('TAG369', 'Biometric Authentication Device'),
    ('TAG370', 'Biometric Access Control System'),
    ('TAG371', 'Biometric Identification System'),
    ('TAG372', 'Biometric Verification System'),
    ('TAG373', 'Biometric Security System'),
    ('TAG374', 'Biometric Time and Attendance System'),
    (
        'TAG375',
        'Biometric Physical Access Control System'
    ),
    (
        'TAG376',
        'Biometric Logical Access Control System'
    ),
    ('TAG377', 'Biometric Authentication Solution'),
    ('TAG378', 'Biometric Authentication Technology'),
    ('TAG379', 'Biometric Authentication Application'),
    ('TAG380', 'Biometric Authentication Service'),
    (
        'TAG381',
        'Biometric Authentication Implementation'
    ),
    ('TAG382', 'Biometric Authentication Management'),
    ('TAG383', 'Biometric Authentication Process'),
    ('TAG384', 'Biometric Authentication Policy'),
    ('TAG385', 'Biometric Authentication Standard'),
    ('TAG386', 'Biometric Authentication Requirement'),
    ('TAG387', 'Biometric Authentication Compliance'),
    (
        'TAG388',
        'Biometric Authentication Best Practice'
    ),
    ('TAG389', 'Biometric Authentication Training'),
    ('TAG390', 'Biometric Authentication Consultancy'),
    ('TAG391', 'Biometric Authentication Vendor'),
    (
        'TAG392',
        'Biometric Authentication Manufacturer'
    ),
    ('TAG393', 'Biometric Authentication Integrator'),
    ('TAG394', 'Biometric Authentication Reseller'),
    ('TAG395', 'Biometric Authentication Distributor'),
    ('TAG396', 'Biometric Authentication Supplier'),
    ('TAG397', 'Biometric Authentication Installer'),
    ('TAG398', 'Biometric Authentication Maintenance'),
    ('TAG399', 'Biometric Authentication Support'),
    ('TAG400', 'Biometric Authentication Upgrade');

INSERT INTO
    Class (classID, class_name)
VALUES
    ('CLASS21', 'Introduction to Programming'),
    ('CLASS22', 'Calculus I'),
    ('CLASS23', 'Discrete Mathematics'),
    ('CLASS24', 'Calculus II'),
    ('CLASS25', 'Introduction to Data Structures'),
    ('CLASS26', 'Introduction to Computer Systems'),
    ('CLASS27', 'Data Algorithms'),
    ('CLASS28', 'Computer Architecture'),
    ('CLASS29', 'Object-Oriented Design'),
    ('CLASS31', 'Operating Systems'),
    ('CLASS32', 'Programming Paradigms'),
    ('CLASS33', 'Computers, Ethics and Society'),
    ('CLASS34', 'Technical Writing Workshop'),
    ('CLASS35', 'Calculus III'),
    (
        'CLASS36',
        'Intermediate Database Management Systems'
    ),
    ('CLASS37', 'Software Engineering'),
    ('CLASS38', 'Information Security Principles'),
    ('CLASS39', 'Introduction to Computer Graphics'),
    ('CLASS40', 'Computer Graphics Algorithms'),
    ('CLASS41', 'Advanced Programming with Python'),
    (
        'CLASS42',
        'Processing Big Data - Tools and Techniques'
    ),
    ('CLASS43', 'Introduction to Data Visualization'),
    (
        'CLASS44',
        'Computer Game Design and Programming'
    ),
    ('CLASS45', 'Introduction to Computer Vision'),
    ('CLASS46', 'Advanced C++ Programming'),
    ('CLASS47', 'Concepts of Compiler Design'),
    (
        'CLASS48',
        'Introduction to the Design and Analysis of Algorithms'
    ),
    (
        'CLASS49',
        'Introduction to Artificial Intelligence'
    ),
    ('CLASS50', 'Database Management Systems II'),
    ('CLASS51', 'NoSQL Database Systems'),
    ('CLASS52', 'Computer Networks II'),
    ('CLASS53', 'Computer Network Management'),
    ('CLASS54', 'Introduction to Parallel Processing'),
    ('CLASS55', 'Blockchain and Cryptocurrencies'),
    ('CLASS56', 'Introduction to Machine Learning'),
    ('CLASS57', 'Server-side Web Programming'),
    ('CLASS58', 'Mobile Device Development'),
    (
        'CLASS59',
        'Introduction to Social Network Analysis'
    ),
    ('CLASS60', 'Assembly Language Programming'),
    (
        'CLASS61',
        'Computer Organization and Architecture'
    ),
    ('CLASS62', 'Software Engineering I'),
    ('CLASS63', 'Software Engineering II'),
    ('CLASS64', 'Computer Networks I'),
    (
        'CLASS65',
        'Software Engineering Process Management'
    ),
    ('CLASS66', 'Enterprise Software Platforms'),
    ('CLASS67', 'Software Quality Engineering'),
    ('CLASS68', 'Senior Design Project I'),
    ('CLASS69', 'Senior Design Project II'),
    (
        'CLASS70',
        'Global and Social Issues in Engineering'
    ),
    (
        'CLASS71',
        'Global and Social Issues in Science and Technology'
    ),
    ('CLASS72', 'Algorithms'),
    ('CLASS73', 'Advanced Network Protocols'),
    ('CLASS74', 'Object-Oriented Programming Design'),
    ('CLASS75', 'Introduction to DBMS'),
    ('CLASS76', 'Information Security and Privacy'),
    ('CLASS77', 'Computer and Human Interaction'),
    (
        'CLASS78',
        'Programming Concepts and Methodology'
    ),
    (
        'CLASS79',
        'Object-Oriented Concepts and Methodology'
    ),
    ('CLASS82', 'Introduction to Circuit Analysis'),
    ('CLASS83', 'Electronics for Computing Systems'),
    ('CLASS84', 'Digital Design I'),
    ('CLASS85', 'Digital Design III'),
    (
        'CLASS86',
        'Algorithms and Data Structure Design'
    ),
    ('CLASS87', 'Microprocessor Design I'),
    ('CLASS88', 'Advanced Algorithm Design I'),
    ('CLASS89', 'Computer Architecture and Design'),
    ('CLASS90', 'Systems Design'),
    ('CLASS91', 'Real-Time Embedded System Co-Design'),
    ('CLASS92', 'Compiler Design II'),
    ('CLASS93', 'International Program Studies'),
    (
        'CLASS102',
        'Assembly Language Programming Principles'
    ),
    (
        'CLASS110',
        'Electronics for Computing Systems Principles'
    );

INSERT INTO
    Course (courseID, professorID, classID)
VALUES
    ('COURSE1', 'PROF5', 'CLASS25'),
    ('COURSE2', 'PROF5', 'CLASS49'),
    ('COURSE3', 'PROF6', 'CLASS27'),
    ('COURSE4', 'PROF6', 'CLASS29'),
    ('COURSE5', 'PROF6', 'CLASS41'),
    ('COURSE6', 'PROF7', 'CLASS32'),
    ('COURSE7', 'PROF7', 'CLASS46'),
    ('COURSE8', 'PROF8', 'CLASS28'),
    ('COURSE9', 'PROF8', 'CLASS73'),
    ('COURSE10', 'PROF9', 'CLASS22'),
    ('COURSE11', 'PROF9', 'CLASS24'),
    ('COURSE12', 'PROF9', 'CLASS26'),
    ('COURSE13', 'PROF9', 'CLASS28'),
    ('COURSE14', 'PROF9', 'CLASS32'),
    ('COURSE15', 'PROF9', 'CLASS36'),
    ('COURSE16', 'PROF9', 'CLASS37'),
    ('COURSE17', 'PROF10', 'CLASS25'),
    ('COURSE18', 'PROF10', 'CLASS32'),
    ('COURSE19', 'PROF11', 'CLASS42'),
    ('COURSE20', 'PROF11', 'CLASS53'),
    ('COURSE21', 'PROF12', 'CLASS24'),
    ('COURSE22', 'PROF12', 'CLASS25'),
    ('COURSE23', 'PROF12', 'CLASS27'),
    ('COURSE24', 'PROF13', 'CLASS43'),
    ('COURSE25', 'PROF13', 'CLASS60'),
    ('COURSE26', 'PROF14', 'CLASS52'),
    ('COURSE27', 'PROF14', 'CLASS54'),
    ('COURSE28', 'PROF15', 'CLASS35'),
    ('COURSE29', 'PROF15', 'CLASS44'),
    ('COURSE30', 'PROF16', 'CLASS31'),
    ('COURSE31', 'PROF17', 'CLASS39'),
    ('COURSE32', 'PROF17', 'CLASS55'),
    ('COURSE33', 'PROF17', 'CLASS76'),
    ('COURSE34', 'PROF18', 'CLASS59'),
    ('COURSE35', 'PROF18', 'CLASS69'),
    ('COURSE36', 'PROF19', 'CLASS55'),
    ('COURSE37', 'PROF19', 'CLASS59'),
    ('COURSE38', 'PROF20', 'CLASS32'),
    ('COURSE39', 'PROF20', 'CLASS53');

INSERT INTO
    course_tag (courseID, tagID)
VALUES
    ('COURSE1', 'TAG3'),
    ('COURSE1', 'TAG7'),
    ('COURSE3', 'TAG21'),
    ('COURSE3', 'TAG22'),
    ('COURSE4', 'TAG6'),
    ('COURSE4', 'TAG7'),
    ('COURSE5', 'TAG21'),
    ('COURSE5', 'TAG22'),
    ('COURSE6', 'TAG21'),
    ('COURSE6', 'TAG22'),
    ('COURSE7', 'TAG8'),
    ('COURSE7', 'TAG9'),
    ('COURSE8', 'TAG9'),
    ('COURSE8', 'TAG10'),
    ('COURSE9', 'TAG10'),
    ('COURSE9', 'TAG11'),
    ('COURSE10', 'TAG11'),
    ('COURSE10', 'TAG12'),
    ('COURSE11', 'TAG12'),
    ('COURSE11', 'TAG13'),
    ('COURSE12', 'TAG13'),
    ('COURSE12', 'TAG14'),
    ('COURSE13', 'TAG14'),
    ('COURSE13', 'TAG15'),
    ('COURSE14', 'TAG15'),
    ('COURSE14', 'TAG16'),
    ('COURSE15', 'TAG16'),
    ('COURSE15', 'TAG17'),
    ('COURSE16', 'TAG17'),
    ('COURSE16', 'TAG18'),
    ('COURSE17', 'TAG18'),
    ('COURSE17', 'TAG19'),
    ('COURSE18', 'TAG19'),
    ('COURSE18', 'TAG20'),
    ('COURSE19', 'TAG20'),
    ('COURSE19', 'TAG21'),
    ('COURSE20', 'TAG21'),
    ('COURSE20', 'TAG22'),
    ('COURSE21', 'TAG3'),
    ('COURSE21', 'TAG7'),
    ('COURSE22', 'TAG4'),
    ('COURSE22', 'TAG6'),
    ('COURSE23', 'TAG21'),
    ('COURSE23', 'TAG22'),
    ('COURSE24', 'TAG6'),
    ('COURSE24', 'TAG7'),
    ('COURSE25', 'TAG21'),
    ('COURSE25', 'TAG22'),
    ('COURSE26', 'TAG21'),
    ('COURSE26', 'TAG22'),
    ('COURSE27', 'TAG8'),
    ('COURSE27', 'TAG9'),
    ('COURSE28', 'TAG9'),
    ('COURSE28', 'TAG10'),
    ('COURSE29', 'TAG10'),
    ('COURSE29', 'TAG11'),
    ('COURSE30', 'TAG11'),
    ('COURSE30', 'TAG12'),
    ('COURSE31', 'TAG12'),
    ('COURSE31', 'TAG13'),
    ('COURSE32', 'TAG13'),
    ('COURSE32', 'TAG14'),
    ('COURSE33', 'TAG14'),
    ('COURSE33', 'TAG15'),
    ('COURSE34', 'TAG15'),
    ('COURSE34', 'TAG16'),
    ('COURSE35', 'TAG16'),
    ('COURSE35', 'TAG17'),
    ('COURSE36', 'TAG17'),
    ('COURSE36', 'TAG18'),
    ('COURSE37', 'TAG18'),
    ('COURSE37', 'TAG19'),
    ('COURSE38', 'TAG19'),
    ('COURSE38', 'TAG20'),
    ('COURSE39', 'TAG20'),
    ('COURSE39', 'TAG21');